Titre de l'avis,Avis,Date_str,Date
,"A ce jour, aucun probl√®me pour l utilisation de mon compte. J utilise surtout ma carte et les cashback. Intuitif, facile d'acc√®s au niveau du compte courant.",2 d√©c. 2025,2025-12-02
,Bonjour pour l'instant aucun souci √ßa va faire un an  une carte pour moi et ma fille quand il y a un probl√®me un peu de jours avoir un op√©rateur.,1 d√©c. 2025,2025-12-01
,"Banque en ligne proposant de nombreux services et avantages √† un prix raisonnable, bien moins cher que les banques traditionnelles.

Tr√®s facile d' utilisation.",30 nov. 2025,2025-11-30
,"Ajout d'un nouveau b√©n√©ficiaire sur mon compte afin de faire un virement
Tr√®s facile en deux minutes c'est enregistr√©
Bravo √† Boursobank pour la limpidit√© des ses d√©marches üëç",27 nov. 2025,2025-11-27
Banque tr√®s pratique,"Banque tr√®s pratique, les op√©rations sont tr√®s faciles et rapides √† effectuer et en plus si vous l'utilisez au moins une fois par mois la carte s'est gratuite sans aucun frais bancaires. Aucun probl√®me avec et il y a quand-m√™me des conseillers joignables tr√®s rapidement Je recommande vivement",,
,Besoin d augmenter mon plafond de cb. Fait en 3 clics sur l application! Tr√®s satisfait de la facilit√© d utilisation,,
Bonnes explications  et op√©rations ‚Ä¶,Bonnes explications  et op√©rations  bien effectu√©es,,
,"J'ai pu verrouiller ma carte gr√¢ce a l'application, j'adore cette application est bien d√©taill√©e.",,
Cl√¥ture PER Boursobank,"J'ai un PER chez Boursobank que j'ai voulu cl√¥turer dans le cadre d'un achat immobilier. Les pi√®ces ont √©t√© envoy√©es en temps et en heure. Or il manquait des pi√®ces, mais Boursobank ne m'a pr√©venu que 2 mois plus tard, apr√®s donc la signature de l'act authentique de vente. Je m'√©tais pourtant assur√© que le processus allait dans le bon sens en amont de leur retour, et ils m'affirmaient que ""s'il y avait un probl√®me ils m'auraient contact√©"". Aujourd'hui, je ne peux pas le d√©bloquer car ""la date de signature de l'acte authentique est pass√© et que les pi√®ces justificatives n'ont pas √©t√© re√ßues en amont de celui-ci"". Reconnaissant leur faute, ils m'ont propos√© un geste commercial de 200‚Ç¨ (contre plusieurs milliers d'‚Ç¨ sur le PER). Je suis tr√®s d√©√ßu. Le dernier recours est maintenant de saisir l'AMF. Tr√®s dommage d'en arriver l√†.",,
,Je ne retrouvais plus mon portefeuille avec ma carte. Tr√®s pratique et rapide de la bloquer et super rassurant.,,
,"J‚Äôadore cette banque dommage que je ne l‚Äôai pas connu avant, c‚Äôest simple √† utiliser c‚Äôest fluide je la recommande",,
,La flexibilit√© du syst√®me est un plus pour changer les param√®tres de la carte bancaire lorsque l'on part √† l'√©tranger.,,
Parfait,La meilleure banque sur cette plan√®te !,,
,Les virements fonctionnent bien. Les champs montants et le texte ont des propositions plut√¥t pertinentes. Le fait de pouvoir faire 2 virements imm√©diats le m√™me jour est super.,,
,"On ne peut pas retirer plus de 1000‚Ç¨ m√™me avec son compte approvisionn√© sans avoir eu une rentr√©e d'argent de 12000‚Ç¨ dans la semaine, je n'ai jamais eu cette somme en banque de toute ma vie.",,
Plus une banque en ligne mais une banque sur t√©l√©phone uniquement,"On ne peut plus rien faire depuis son ordinateur avec son compte bourso, trop d√©pendant d'un smartphone ! Le site ne sert plus √† rien insupportable !",,
Parfait,Parfait ! R√©ponse claire et rapide,,
Parfait et rapide.,Parfait et rapide.,,
Pour √©viter les fraude,Pour √©viter les fraude,,
,"Selon moi, meilleur banque en ligne et de loin !
Toujours des nouveaut√©s et un temps d'avance monstrueux compar√© aux banques tradi.
Banque gratuite et appli tellement pratique üí™",,
Simple et efficace,Simple et efficace,,
Super,Super . Tr√®s bien,,
,"Toujours tr√®s satisfait de Boursorama.
Que ce soit sur la partie bancaire ou cr√©dit, je recommande.",,
,Tous les produits bancaires utilisables en haute s√©curit√© et le plus des r√©ductions sur beaucoup d'enseigne et m√™me sur des s√©jours de vacances,,
Qualit√© des services,Tout ce passe bien,,
Tr√®s simple,"Tr√®s simple, s√©curis√© et rapide",,
Virement  √† la fois  tr√®s simple et‚Ä¶,Virement  √† la fois  tr√®s simple et tr√®s s√©curis√©.,,
,"Voulant conna√Ætre le nom du d√©biteur, on m'a conseiller de bloquer ma carte sur une suspicion de vol de num√©ro de carte bancaire. Car aucun souvenir de la d√©pense",,
,Vraiment tr√®s pratique si l'on √† un doute sur la bienveillance d'un pr√©l√®vement ou paiement √† venir dont on est pas √† l'origine ou que l'on identifie pas clairement,,
,"alors que je ne pouvais pas faire un virement sur un nouveau compte tiers ( BUBENDORFF),
je l'ai fait sur mon compte Caisse Epargne 
et vais donc l'effectuer par l'interm√©diaire de ce compte",,
ouverture de livret A tr√®s rapide √©tant‚Ä¶,ouverture de livret A tr√®s rapide √©tant d√©j√† client.,,
